{"cameraMode":{"drawMode":0,"name":"Shaded","section":"Shading Mode"},"sceneLighting":true,"audioPlay":false,"sceneViewState":{"showFog":true,"showMaterialUpdate":false,"showSkybox":true,"showFlares":true,"showImageEffects":true,"showParticleSystems":true},"in2DMode":false,"pivot":{"x":-2.100738525390625,"y":3.0500669479370119,"z":-7.407037258148193},"rotation":{"x":-0.2969273328781128,"y":0.18942224979400636,"z":-0.060220539569854739,"w":-0.9339870810508728},"size":9.475953102111817,"orthographic":false}